{"cameraMode":{"drawMode":0,"name":"Shaded","section":"Shading Mode"},"sceneLighting":true,"audioPlay":false,"sceneViewState":{"m_AlwaysRefresh":false,"showFog":true,"showSkybox":true,"showFlares":true,"showImageEffects":true,"showParticleSystems":true,"showVisualEffectGraphs":true,"m_FxEnabled":true},"in2DMode":false,"pivot":{"x":2.5539286136627199,"y":1.706212043762207,"z":-23.056785583496095},"rotation":{"x":0.059894923120737079,"y":-0.8869267702102661,"z":0.12019424140453339,"w":0.44196611642837527},"size":10.579529762268067,"orthographic":false}